SPACECRAFT_CLOCK_START_COUNT,MISSION_NAME,INSTRUMENT_ID,DATA_SET_ID,IMAGE_ID,OBSERVATION_ID,PRODUCT_TYPE,TARGET_NAME,IMAGE_TIME,FILTER_NAME,FILTER_NUMBER,EXPOSURE_DURATION,GAIN_MODE_ID,FRAME_DURATION,OBSTRUCTION_ID,ORBIT_NUMBER,NTV_TIME_FROM_CLOSEST_APPROACH,NTV_SAT_TIME_FROM_CLOSEST_APR,PHASE_ANGLE,EMISSION_ANGLE,INCIDENCE_ANGLE,LOCAL_HOUR_ANGLE,TWIST_ANGLE,CONE_ANGLE,RIGHT_ASCENSION,DECLINATION,NORTH_AZIMUTH,SMEAR_AZIMUTH,SMEAR_MAGNITUDE,HORIZONTAL_PIXEL_SCALE,VERTICAL_PIXEL_SCALE,SLANT_DISTANCE,LIGHT_SOURCE_LATITUDE,LIGHT_SOURCE_LONGITUDE,TARGET_CENTER_DISTANCE,CENTRAL_BODY_DISTANCE,SUB_SPACECRAFT_LATITUDE,SUB_SPACECRAFT_LONGITUDE,SUB_SOLAR_AZIMUTH,SUB_SOLAR_LATITUDE,SUB_SOLAR_LONGITUDE,SOLAR_DISTANCE,SUB_SPACECRAFT_LINE,SUB_SPACECRAFT_LINE_SAMPLE,CENTER_RING_RADIUS,VOLUME_ID,FILE_SPECIFICATION_NAME,COMPRESSION_TYPE,ENCODING_MIN_COMPRESSION_RATIO,ENCODING_MAX_COMPRESSION_RATIO,ENCODING_COMPRESSION_RATIO,PROCESSING_HISTORY_TEXT
3945302.65,GALILEO,SSI,GO-J/JSA-SSI-2-REDR-V1.0,G8G0003,G8GSMARIUS01,REDR,GANYMEDE,1997-05-07 14:56:11.867000+00:00,CLEAR,0,12.5,100K,8.667,NOT POSSIBLE,8,-000T20:45:52Z,-000T01:00:49Z,70.094,41.174,37.719,145.729,79.178,108.211,235.231,-25.577,87.092,-999,0.1,365.057,316.7,28654.6,-17.577,156.189,30686.42,1101451.0,1.969,189.184,150.951,-0.62,121.918,761417000,3131.736,5259.187,-999,GO_0019,G8/GANYMEDE/C0394530265R.IMG,INTEGER COSINE TRANSFORM,3.511,2.411,3.657,"VICAR programs run: SSIMERGE,CATLABEL,BADLABELS."
5840605.0,GALILEO,SSI,GO-J/JSA-SSI-2-REDR-V1.0,29G0019,29GSCAPCOL01,REDR,GANYMEDE,2000-12-28 10:16:21.631000+00:00,GREEN,1,45.83,100K,60.667,NOT POSSIBLE,29,-000T17:09:41Z,000T01:51:21Z,2.763,53.635,51.952,158.567,255.287,169.983,65.048,22.987,294.6,-999,0.1,708.794,1147.78,67762.6,51.989,25.376,69356.73,1002600.0,2.402,7.107,95.775,2.897,4.995,755787000,3362.036,-144.065,-999,GO_0023,G29/GANYMEDE/C0584060500R.IMG,INTEGER COSINE TRANSFORM,3.603,2.541,4.49,"VICAR programs run: SSIMERGE,CATLABEL,BADLABELS."
5840608.0,GALILEO,SSI,GO-J/JSA-SSI-2-REDR-V1.0,29G0021,29GSCAPCOL01,REDR,GANYMEDE,2000-12-28 10:19:23.631000+00:00,GREEN,1,45.83,100K,60.667,NOT POSSIBLE,29,-000T17:06:39Z,000T01:54:23Z,2.476,53.933,52.655,145.619,255.506,169.561,65.488,22.981,294.205,-999,0.1,708.704,1199.9,69664.3,46.757,38.714,71246.88,1000720.0,2.304,7.161,82.764,2.897,5.101,755787000,3339.434,541.127,-999,GO_0023,G29/GANYMEDE/C0584060800R.IMG,INTEGER COSINE TRANSFORM,2.967,2.279,3.72,"VICAR programs run: SSIMERGE,CATLABEL,BADLABELS."
4017010.0,GALILEO,SSI,GO-J/JSA-SSI-2-REDR-V1.0,C9G0010,C9GSGLOBAL01,REDR,GANYMEDE,1997-06-26 23:20:11.227000+00:00,CLEAR,0,6.25,40K,8.667,NOT POSSIBLE,9,-000T12:32:50Z,000T06:00:08Z,86.805,24.697,66.037,241.076,288.067,100.507,37.16,16.999,271.624,-999,0.1,2167.45,2082.65,199071.0,12.354,65.71,201467.8,932402.8,0.018,44.509,175.207,-0.394,131.047,758784000,1091.389,1252.347,-999,GO_0019,C9/GANYMEDE/C0401701000R.IMG,BARC RATE CONTROL,0.0,0.0,0.0,"VICAR programs run: SSIMERGE,CATLABEL,BADLABELS."
4017010.13,GALILEO,SSI,GO-J/JSA-SSI-2-REDR-V1.0,C9G0011,C9GSGLOBAL01,REDR,GANYMEDE,1997-06-26 23:20:19.894000+00:00,CLEAR,0,6.25,40K,8.667,NOT POSSIBLE,9,-000T12:32:42Z,000T06:00:16Z,86.814,20.867,65.964,242.253,287.94,100.497,37.312,16.594,271.706,-999,0.1,2162.52,2021.18,199073.0,-0.921,65.085,201536.2,932347.9,0.018,44.505,181.707,-0.394,131.052,758784000,353.312,1258.487,-999,GO_0019,C9/GANYMEDE/C0401701013R.IMG,BARC RATE CONTROL,0.0,0.0,0.0,"VICAR programs run: SSIMERGE,CATLABEL,BADLABELS."
4017010.26,GALILEO,SSI,GO-J/JSA-SSI-2-REDR-V1.0,C9G0012,C9GSGLOBAL01,REDR,GANYMEDE,1997-06-26 23:20:28.561000+00:00,CLEAR,0,6.25,40K,8.667,NOT POSSIBLE,9,-000T12:32:33Z,000T06:00:25Z,86.83,28.666,65.594,241.383,287.818,100.488,37.471,16.19,271.784,-999,0.1,2198.18,2140.22,199290.0,-18.042,66.673,201604.5,932293.1,0.018,44.5,190.095,-0.394,131.057,758784000,-387.825,1279.517,-999,GO_0019,C9/GANYMEDE/C0401701026R.IMG,BARC RATE CONTROL,0.0,0.0,0.0,"VICAR programs run: SSIMERGE,CATLABEL,BADLABELS."
4017010.39,GALILEO,SSI,GO-J/JSA-SSI-2-REDR-V1.0,C9G0013,C9GSGLOBAL01,REDR,GANYMEDE,1997-06-26 23:20:37.230000+00:00,CLEAR,0,12.5,100K,8.667,NOT POSSIBLE,9,-000T12:32:24Z,000T06:00:34Z,86.578,31.616,86.182,265.63,288.249,100.915,36.684,17.085,271.577,-999,0.1,2025.1,2376.91,199424.0,31.218,45.767,201672.8,932238.3,0.018,44.496,179.201,-0.394,131.062,758784000,1474.374,507.129,-999,GO_0019,C9/GANYMEDE/C0401701039R.IMG,BARC RATE CONTROL,0.0,0.0,0.0,"VICAR programs run: SSIMERGE,CATLABEL,BADLABELS."
4017010.52,GALILEO,SSI,GO-J/JSA-SSI-2-REDR-V1.0,C9G0014,C9GSGLOBAL01,REDR,GANYMEDE,1997-06-26 23:20:45.897000+00:00,CLEAR,0,12.5,100K,8.667,NOT POSSIBLE,9,-000T12:32:16Z,000T06:00:42Z,86.689,18.875,78.108,257.465,288.108,100.904,36.873,16.714,271.664,-999,0.1,2047.13,2115.03,199246.0,16.35,53.587,201741.2,932183.4,0.018,44.492,177.796,-0.394,131.067,758784000,771.719,586.782,-999,GO_0019,C9/GANYMEDE/C0401701052R.IMG,BARC RATE CONTROL,0.0,0.0,0.0,"VICAR programs run: SSIMERGE,CATLABEL,BADLABELS."
4017010.65,GALILEO,SSI,GO-J/JSA-SSI-2-REDR-V1.0,C9G0015,C9GSGLOBAL01,REDR,GANYMEDE,1997-06-26 23:20:54.564000+00:00,CLEAR,0,12.5,40K,8.667,NOT POSSIBLE,9,-000T12:32:07Z,000T06:00:51Z,86.69,19.332,78.728,258.298,287.982,100.896,37.026,16.302,271.747,-999,0.1,2048.46,2121.23,199323.0,-17.241,52.758,201809.5,932128.7,0.018,44.488,184.788,-0.394,131.072,758784000,19.457,590.494,-999,GO_0019,C9/GANYMEDE/C0401701065R.IMG,BARC RATE CONTROL,0.0,0.0,0.0,"VICAR programs run: SSIMERGE,CATLABEL,BADLABELS."
4017010.78,GALILEO,SSI,GO-J/JSA-SSI-2-REDR-V1.0,C9G0016,C9GSGLOBAL01,REDR,GANYMEDE,1997-06-26 23:21:03.230000+00:00,CLEAR,0,12.5,100K,8.667,NOT POSSIBLE,9,-000T12:31:58Z,000T06:01:00Z,86.583,36.889,88.119,267.847,287.863,100.885,37.153,15.858,271.831,-999,0.1,2028.56,2536.82,199767.0,-36.401,43.124,201877.8,932073.9,0.018,44.483,182.532,-0.394,131.077,758784000,-770.469,540.867,-999,GO_0019,C9/GANYMEDE/C0401701078R.IMG,BARC RATE CONTROL,0.0,0.0,0.0,"VICAR programs run: SSIMERGE,CATLABEL,BADLABELS."
3899211.0,GALILEO,SSI,GO-J/JSA-SSI-2-REDR-V1.0,G7G0005,G7GSCATENA01,REDR,GANYMEDE,1997-04-05 06:12:22.900000+00:00,CLEAR,0,20.83,400K,15.166,NOT POSSIBLE,7,000T19:08:18Z,-000T00:58:37Z,65.974,34.511,80.744,102.508,80.048,104.254,236.112,-27.892,86.51,-999,0.1,569.683,659.825,27282.7,38.597,13.887,29490.61,1040577.0,8.551,2.968,185.122,-0.762,296.387,764026000,-2147.83,-645.032,-999,GO_0018,G7/GANYMEDE/C0389921100R.IMG,INTEGER COSINE TRANSFORM,8.453,3.918,21.634,"VICAR programs run: SSIMERGE,CATLABEL,BADLABELS."
5840611.0,GALILEO,SSI,GO-J/JSA-SSI-2-REDR-V1.0,29G0023,29GSCAPCOL01,REDR,GANYMEDE,2000-12-28 10:22:25.631000+00:00,GREEN,1,45.83,100K,60.667,NOT POSSIBLE,29,-000T17:03:37Z,000T01:57:25Z,2.64,38.282,36.73,169.939,253.808,169.981,64.983,22.724,296.106,-999,0.1,738.854,905.436,71052.7,38.531,14.954,73137.77,998839.9,2.211,7.217,101.569,2.897,5.206,755787000,2511.248,-206.797,-999,GO_0023,G29/GANYMEDE/C0584061100R.IMG,INTEGER COSINE TRANSFORM,3.418,2.781,3.816,"VICAR programs run: SSIMERGE,CATLABEL,BADLABELS."
3945312.66,GALILEO,SSI,GO-J/JSA-SSI-2-REDR-V1.0,G8G0004,G8GSRNGBAS01,REDR,GANYMEDE,1997-05-07 15:06:18.534000+00:00,CLEAR,0,12.5,100K,8.667,NOT POSSIBLE,8,-000T20:35:45Z,-000T00:50:42Z,72.763,56.853,35.383,155.464,78.262,105.482,231.863,-26.931,86.733,-999,0.1,394.451,323.871,24101.2,-27.011,146.812,25636.66,1096327.0,2.735,190.968,134.45,-0.62,122.271,761411000,5204.684,7416.97,-999,GO_0019,G8/GANYMEDE/C0394531266R.IMG,INTEGER COSINE TRANSFORM,3.318,2.425,3.802,"VICAR programs run: SSIMERGE,CATLABEL,BADLABELS."
3945312.78,GALILEO,SSI,GO-J/JSA-SSI-2-REDR-V1.0,G8G0005,G8GSRNGBAS01,REDR,GANYMEDE,1997-05-07 15:06:27.200000+00:00,CLEAR,0,12.5,100K,8.667,NOT POSSIBLE,8,-000T20:35:36Z,-000T00:50:33Z,72.366,51.051,39.421,148.863,78.464,105.879,232.296,-27.028,86.687,-999,0.1,337.392,302.045,23826.5,-26.227,153.419,25564.68,1096253.0,2.748,190.997,141.477,-0.62,122.276,761410000,5211.802,6687.695,-999,GO_0019,G8/GANYMEDE/C0394531278R.IMG,INTEGER COSINE TRANSFORM,3.271,2.554,3.665,"VICAR programs run: SSIMERGE,CATLABEL,BADLABELS."
5840614.0,GALILEO,SSI,GO-J/JSA-SSI-2-REDR-V1.0,29G0025,29GSCAPCOL01,REDR,GANYMEDE,2000-12-28 10:25:27.630000+00:00,GREEN,1,45.83,100K,60.667,NOT POSSIBLE,29,-000T17:00:35Z,000T02:00:27Z,2.334,37.303,36.337,158.141,253.89,169.564,65.4,22.705,295.856,-999,0.1,741.079,930.457,72917.9,33.669,26.011,75029.35,996960.3,2.122,7.276,84.426,2.897,5.312,755787000,2494.247,440.965,-999,GO_0023,G29/GANYMEDE/C0584061400R.IMG,INTEGER COSINE TRANSFORM,2.562,2.296,2.972,"VICAR programs run: SSIMERGE,CATLABEL,BADLABELS."
3838815.0,GALILEO,SSI,GO-J/JSA-SSI-2-REDR-V1.0,E6G0020,E6GSGLOBAL02,REDR,GANYMEDE,1997-02-21 20:25:21.119000+00:00,CLEAR,0,12.5,100K,8.667,NOT POSSIBLE,6,000T23:30:20Z,000T03:58:16Z,61.984,0.73,62.55,240.892,292.661,124.096,4.568,0.569,272.746,-999,0.1,3601.19,3601.29,354701.0,2.788,263.692,357334.8,1174568.0,2.308,264.235,180.214,-0.945,326.15,766656000,805.785,513.79,-999,GO_0018,E6/GANYMEDE/C0383881500R.IMG,INTEGER COSINE TRANSFORM,9.678,5.435,80.503,"VICAR programs run: SSIMERGE,CATLABEL,BADLABELS."
5840615.0,GALILEO,SSI,GO-J/JSA-SSI-2-REDR-V1.0,29G0026,29GSCAPCOL01,REDR,GANYMEDE,2000-12-28 10:26:24.672000+00:00,VIOLET,3,129.17,40K,30.333,NOT POSSIBLE,29,-000T16:59:38Z,000T02:01:24Z,2.293,37.127,36.242,158.074,254.126,169.559,65.45,22.694,295.601,-999,0.1,747.792,935.629,73515.8,32.751,27.271,75631.87,996363.1,2.105,7.302,81.868,2.897,5.345,755787000,2465.258,533.326,-999,GO_0023,G29/GANYMEDE/C0584061500R.IMG,INTEGER COSINE TRANSFORM,2.056,1.856,2.155,"VICAR programs run: SSIMERGE,CATLABEL,BADLABELS."
3838815.13,GALILEO,SSI,GO-J/JSA-SSI-2-REDR-V1.0,E6G0021,E6GSGLOBAL02,REDR,GANYMEDE,1997-02-21 20:25:29.785000+00:00,CLEAR,0,12.5,100K,8.667,NOT POSSIBLE,6,000T23:30:28Z,000T03:58:24Z,62.002,0.0,62.002,241.93,292.38,124.08,4.744,0.195,273.026,-999,0.1,3602.15,3601.7,354744.0,2.308,264.225,357378.4,1174641.0,2.308,264.225,180.73,-0.945,326.155,766657000,96.136,521.265,-999,GO_0018,E6/GANYMEDE/C0383881513R.IMG,INTEGER COSINE TRANSFORM,7.747,4.517,14.191,"VICAR programs run: SSIMERGE,CATLABEL,BADLABELS."
5840617.0,GALILEO,SSI,GO-J/JSA-SSI-2-REDR-V1.0,29G0027,29GSCAPCOL01,REDR,GANYMEDE,2000-12-28 10:28:29.630000+00:00,GREEN,1,45.83,100K,60.667,NOT POSSIBLE,29,-000T16:57:33Z,000T02:03:29Z,1.493,44.482,44.612,145.676,253.687,169.144,66.631,22.49,295.563,-999,0.1,918.125,935.247,75020.9,15.675,48.855,76921.68,995080.8,2.038,7.337,43.587,2.897,5.418,755787000,2515.703,2424.535,-999,GO_0023,G29/GANYMEDE/C0584061700R.IMG,INTEGER COSINE TRANSFORM,2.701,2.418,2.965,"VICAR programs run: SSIMERGE,CATLABEL,BADLABELS."
3496320.0,GALILEO,SSI,GO-J/JSA-SSI-2-REDR-V1.0,G1G0001,G1GSGLOBAL01,REDR,GANYMEDE,1996-06-26 08:45:09.457000+00:00,RED,2,62.5,100K,60.667,NOT POSSIBLE,1,-001T15:46:52Z,-000T21:44:50Z,30.401,0.0,30.401,150.106,68.374,149.024,251.639,-16.347,104.344,-999,0.1,6738.28,6738.84,663734.0,-8.065,155.497,666367.8,1690134.0,-8.065,155.497,184.195,-1.873,125.604,778215000,271.123,475.621,-999,GO_0017,G1/GANYMEDE/C0349632000R.IMG,INTEGER COSINE TRANSFORM,6.554,4.257,25.393,"VICAR programs run: SSIMERGE,CATLABEL,BADLABELS."
5840620.0,GALILEO,SSI,GO-J/JSA-SSI-2-REDR-V1.0,29G0029,29GSDARDAN01,REDR,GANYMEDE,2000-12-28 10:31:31.610000+00:00,CLEAR,0,6.25,100K,60.667,NOT POSSIBLE,29,-000T16:54:31Z,000T02:06:31Z,1.839,19.576,20.125,175.191,245.815,169.148,65.256,21.1,303.998,-999,0.1,795.087,803.508,76329.5,-16.888,9.253,78814.52,993201.7,1.958,7.401,314.955,2.897,5.523,755787000,-450.908,1100.661,-999,GO_0023,G29/GANYMEDE/C0584062000R.IMG,HUFFMAN,0.0,0.0,0.0,"VICAR programs run: SSIMERGE,CATLABEL,BADLABELS."
3496320.0,GALILEO,SSI,GO-J/JSA-SSI-2-REDR-V1.0,G1G0001,G1GSGLOBAL01,REDR,GANYMEDE,1996-06-26 08:45:09.457000+00:00,RED,2,62.5,100K,60.667,NOT POSSIBLE,1,-001T15:46:52Z,-000T21:44:50Z,30.401,0.0,30.401,150.106,68.374,149.024,251.639,-16.347,104.344,-999,0.1,6738.28,6738.84,663734.0,-8.065,155.497,666367.8,1690134.0,-8.065,155.497,184.195,-1.873,125.604,778215000,271.123,475.621,-999,GO_0017,G1/GANYMEDE/C0349632000R.IMG,INTEGER COSINE TRANSFORM,6.554,4.257,25.393,"VICAR programs run: SSIMERGE,CATLABEL,BADLABELS."
5840620.0,GALILEO,SSI,GO-J/JSA-SSI-2-REDR-V1.0,29G0029,29GSDARDAN01,REDR,GANYMEDE,2000-12-28 10:31:31.610000+00:00,CLEAR,0,6.25,100K,60.667,NOT POSSIBLE,29,-000T16:54:31Z,000T02:06:31Z,1.839,19.576,20.125,175.191,245.815,169.148,65.256,21.1,303.998,-999,0.1,795.087,803.508,76329.5,-16.888,9.253,78814.52,993201.7,1.958,7.401,314.955,2.897,5.523,755787000,-450.908,1100.661,-999,GO_0023,G29/GANYMEDE/C0584062000R.IMG,HUFFMAN,0.0,0.0,0.0,"VICAR programs run: SSIMERGE,CATLABEL,BADLABELS."
5840621.01,GALILEO,SSI,GO-J/JSA-SSI-2-REDR-V1.0,29G0030,29GSDARDAN01,REDR,GANYMEDE,2000-12-28 10:32:32.277000+00:00,CLEAR,0,6.25,100K,60.667,NOT POSSIBLE,29,-000T16:53:30Z,000T02:07:32Z,1.464,30.912,31.605,164.586,245.754,168.757,65.669,20.937,303.894,-999,0.1,878.335,821.71,77175.9,-25.199,20.48,79445.7,992575.3,1.932,7.422,330.99,2.897,5.558,755787000,-486.219,1823.403,-999,GO_0023,G29/GANYMEDE/C0584062101R.IMG,HUFFMAN,0.0,0.0,0.0,"VICAR programs run: SSIMERGE,CATLABEL,BADLABELS."
3945321.39,GALILEO,SSI,GO-J/JSA-SSI-2-REDR-V1.0,G8G0006,G8GSBUTOFC01,REDR,GANYMEDE,1997-05-07 15:15:07.204000+00:00,CLEAR,0,20.83,100K,8.667,NOT POSSIBLE,8,-000T20:26:56Z,-000T00:41:53Z,69.35,15.01,79.708,100.747,79.192,108.989,236.346,-24.375,87.512,-999,0.1,193.051,193.52,18702.2,13.636,201.831,21257.27,1091857.0,3.696,193.077,181.081,-0.62,122.578,761405000,-1916.93,-1753.29,-999,GO_0019,G8/GANYMEDE/C0394532139R.IMG,INTEGER COSINE TRANSFORM,4.22,3.797,4.403,"VICAR programs run: SSIMERGE,CATLABEL,BADLABELS."
3945321.52,GALILEO,SSI,GO-J/JSA-SSI-2-REDR-V1.0,G8G0007,G8GSBUTOFC01,REDR,GANYMEDE,1997-05-07 15:15:15.871000+00:00,CLEAR,0,20.83,100K,8.667,NOT POSSIBLE,8,-000T20:26:48Z,-000T00:41:45Z,68.953,17.653,82.848,97.519,79.373,109.385,236.771,-24.461,87.491,-999,0.1,194.971,193.18,18660.7,13.765,205.065,21185.72,1091784.0,3.715,193.118,180.475,-0.62,122.583,761405000,-1926.85,-2498.77,-999,GO_0019,G8/GANYMEDE/C0394532152R.IMG,INTEGER COSINE TRANSFORM,4.619,4.071,4.859,"VICAR programs run: SSIMERGE,CATLABEL,BADLABELS."
5840622.01,GALILEO,SSI,GO-J/JSA-SSI-2-REDR-V1.0,29G0031,29GSDARDAN01,REDR,GANYMEDE,2000-12-28 10:33:32.944000+00:00,CLEAR,0,6.25,100K,60.667,NOT POSSIBLE,29,-000T16:52:30Z,000T02:08:32Z,1.118,44.844,45.373,150.824,245.756,168.361,66.072,20.807,303.73,-999,0.1,1077.65,849.903,78189.3,-33.28,34.597,80076.97,991948.9,1.907,7.444,339.37,2.897,5.594,755787000,-477.264,2508.561,-999,GO_0023,G29/GANYMEDE/C0584062201R.IMG,HUFFMAN,0.0,0.0,0.0,"VICAR programs run: SSIMERGE,CATLABEL,BADLABELS."
3945322.65,GALILEO,SSI,GO-J/JSA-SSI-2-REDR-V1.0,G8G0008,G8GSMELKRT01,REDR,GANYMEDE,1997-05-07 15:16:25.200000+00:00,CLEAR,0,12.5,100K,8.667,NOT POSSIBLE,8,-000T20:25:38Z,-000T00:40:35Z,72.252,18.87,62.424,117.927,78.546,106.007,232.389,-27.181,86.635,-999,0.1,187.709,190.819,18103.5,-10.135,184.696,20613.64,1091197.0,3.872,193.454,171.086,-0.62,122.624,761405000,3723.402,2754.584,-999,GO_0019,G8/GANYMEDE/C0394532265R.IMG,INTEGER COSINE TRANSFORM,4.338,3.823,4.34,"VICAR programs run: SSIMERGE,CATLABEL,BADLABELS."
3945322.78,GALILEO,SSI,GO-J/JSA-SSI-2-REDR-V1.0,G8G0009,G8GSMELKRT01,REDR,GANYMEDE,1997-05-07 15:16:33.867000+00:00,CLEAR,0,12.5,100K,8.667,NOT POSSIBLE,8,-000T20:25:30Z,-000T00:40:27Z,71.863,17.033,65.429,114.847,78.746,106.396,232.814,-27.278,86.589,-999,0.1,184.335,189.683,18009.2,-9.856,187.781,20542.18,1091124.0,3.892,193.497,172.183,-0.62,122.629,761404000,3728.261,2018.893,-999,GO_0019,G8/GANYMEDE/C0394532278R.IMG,INTEGER COSINE TRANSFORM,4.238,3.692,4.278,"VICAR programs run: SSIMERGE,CATLABEL,BADLABELS."
3599424.0,GALILEO,SSI,GO-J/JSA-SSI-2-REDR-V1.0,G2G0001,G2GSTRANST01,REDR,GANYMEDE,1996-09-06 18:14:35.944000+00:00,CLEAR,0,12.5,100K,8.667,NOT POSSIBLE,2,-000T19:23:29Z,-000T00:45:27Z,30.539,33.762,39.295,156.485,78.851,159.042,256.608,-22.643,96.023,-999,0.1,192.23,223.677,18560.4,30.69,185.88,20801.63,1092926.0,1.565,192.163,230.211,-1.618,162.38,773837000,-6245.85,2427.815,-999,GO_0017,G2/GANYMEDE/C0359942400R.IMG,INTEGER COSINE TRANSFORM,8.389,5.647,10.157,"VICAR programs run: SSIMERGE,CATLABEL,BADLABELS."
3599424.13,GALILEO,SSI,GO-J/JSA-SSI-2-REDR-V1.0,G2G0002,G2GSTRANST01,REDR,GANYMEDE,1996-09-06 18:14:44.610000+00:00,CLEAR,0,12.5,100K,8.667,NOT POSSIBLE,2,-000T19:23:20Z,-000T00:45:18Z,30.12,32.797,40.96,153.081,79.062,159.458,257.054,-22.738,96.001,-999,0.1,188.632,221.892,18473.4,30.315,189.303,20736.57,1092862.0,1.591,192.163,226.715,-1.618,162.385,773837000,-6265.17,1710.588,-999,GO_0017,G2/GANYMEDE/C0359942413R.IMG,INTEGER COSINE TRANSFORM,7.679,6.318,10.101,"VICAR programs run: SSIMERGE,CATLABEL,BADLABELS."
3945324.13,GALILEO,SSI,GO-J/JSA-SSI-2-REDR-V1.0,G8G0010,G8GSCALDRA01,REDR,GANYMEDE,1997-05-07 15:17:51.867000+00:00,CLEAR,0,12.5,100K,8.667,NOT POSSIBLE,8,-000T20:24:12Z,-000T00:39:09Z,73.474,41.398,60.512,123.933,78.331,104.727,230.36,-29.628,86.023,-999,0.1,195.223,230.613,17847.0,-29.261,178.741,19899.43,1090464.0,4.081,193.897,159.563,-0.62,122.674,761404000,8123.884,4302.977,-999,GO_0019,G8/GANYMEDE/C0394532413R.IMG,INTEGER COSINE TRANSFORM,3.077,2.254,3.515,"VICAR programs run: SSIMERGE,CATLABEL,BADLABELS."
3599424.13,GALILEO,SSI,GO-J/JSA-SSI-2-REDR-V1.0,G2G0002,G2GSTRANST01,REDR,GANYMEDE,1996-09-06 18:14:44.610000+00:00,CLEAR,0,12.5,100K,8.667,NOT POSSIBLE,2,-000T19:23:20Z,-000T00:45:18Z,30.12,32.797,40.96,153.081,79.062,159.458,257.054,-22.738,96.001,-999,0.1,188.632,221.892,18473.4,30.315,189.303,20736.57,1092862.0,1.591,192.163,226.715,-1.618,162.385,773837000,-6265.17,1710.588,-999,GO_0017,G2/GANYMEDE/C0359942413R.IMG,INTEGER COSINE TRANSFORM,7.679,6.318,10.101,"VICAR programs run: SSIMERGE,CATLABEL,BADLABELS."
3945324.13,GALILEO,SSI,GO-J/JSA-SSI-2-REDR-V1.0,G8G0010,G8GSCALDRA01,REDR,GANYMEDE,1997-05-07 15:17:51.867000+00:00,CLEAR,0,12.5,100K,8.667,NOT POSSIBLE,8,-000T20:24:12Z,-000T00:39:09Z,73.474,41.398,60.512,123.933,78.331,104.727,230.36,-29.628,86.023,-999,0.1,195.223,230.613,17847.0,-29.261,178.741,19899.43,1090464.0,4.081,193.897,159.563,-0.62,122.674,761404000,8123.884,4302.977,-999,GO_0019,G8/GANYMEDE/C0394532413R.IMG,INTEGER COSINE TRANSFORM,3.077,2.254,3.515,"VICAR programs run: SSIMERGE,CATLABEL,BADLABELS."
3599424.26,GALILEO,SSI,GO-J/JSA-SSI-2-REDR-V1.0,G2G0003,G2GSTRANST01,REDR,GANYMEDE,1996-09-06 18:14:53.277000+00:00,CLEAR,0,12.5,100K,8.667,NOT POSSIBLE,2,-000T19:23:11Z,-000T00:45:09Z,30.501,37.605,42.142,156.433,77.863,159.055,256.694,-22.264,97.045,-999,0.1,192.562,233.889,18522.3,34.251,185.95,20671.51,1092797.0,1.617,192.163,232.011,-1.618,162.39,773837000,-6966.4,2577.931,-999,GO_0017,G2/GANYMEDE/C0359942426R.IMG,INTEGER COSINE TRANSFORM,8.471,7.197,10.383,"VICAR programs run: SSIMERGE,CATLABEL,BADLABELS."
3945324.26,GALILEO,SSI,GO-J/JSA-SSI-2-REDR-V1.0,G8G0011,G8GSCALDRA01,REDR,GANYMEDE,1997-05-07 15:18:00.533000+00:00,CLEAR,0,12.5,100K,8.667,NOT POSSIBLE,8,-000T20:24:03Z,-000T00:39:00Z,73.089,39.637,63.386,120.36,78.552,105.111,230.785,-29.741,85.953,-999,0.1,188.977,226.823,17728.1,-28.83,182.319,19828.06,1090391.0,4.102,193.943,161.952,-0.62,122.679,761404000,8152.584,3570.041,-999,GO_0019,G8/GANYMEDE/C0394532426R.IMG,INTEGER COSINE TRANSFORM,5.061,4.375,5.379,"VICAR programs run: SSIMERGE,CATLABEL,BADLABELS."
3945324.27,GALILEO,SSI,GO-J/JSA-SSI-2-REDR-V1.0,G8G0011,G8GSCALDRA01,REDR,GANYMEDE,1997-05-07 15:18:00.533000+00:00,CLEAR,0,12.5,100K,8.667,NOT POSSIBLE,8,-000T20:24:03Z,-000T00:39:00Z,73.089,39.637,63.386,120.36,78.552,105.111,230.785,-29.741,85.953,-999,0.1,188.977,226.823,17728.1,-28.83,182.319,19828.06,1090391.0,4.102,193.943,161.952,-0.62,122.679,761404000,8152.584,3570.041,-999,GO_0019,G8/GANYMEDE/C0394532427R.IMG,INTEGER COSINE TRANSFORM,3.978,2.526,5.022,"VICAR programs run: SSIMERGE,CATLABEL,BADLABELS."
3599424.39,GALILEO,SSI,GO-J/JSA-SSI-2-REDR-V1.0,G2G0004,G2GSTRANST01,REDR,GANYMEDE,1996-09-06 18:15:01.944000+00:00,CLEAR,0,12.5,100K,8.667,NOT POSSIBLE,2,-000T19:23:03Z,-000T00:45:01Z,30.081,36.711,43.699,152.883,78.051,159.472,257.14,-22.355,97.047,-999,0.1,189.203,231.886,18434.8,33.876,189.507,20606.45,1092733.0,1.644,192.164,228.707,-1.618,162.396,773837000,-7004.8,1863.066,-999,GO_0017,G2/GANYMEDE/C0359942439R.IMG,INTEGER COSINE TRANSFORM,8.336,7.05,9.358,"VICAR programs run: SSIMERGE,CATLABEL,BADLABELS."
3945324.39,GALILEO,SSI,GO-J/JSA-SSI-2-REDR-V1.0,G8G0012,G8GSCALDRA01,REDR,GANYMEDE,1997-05-07 15:18:09.200000+00:00,CLEAR,0,12.5,100K,8.667,NOT POSSIBLE,8,-000T20:23:54Z,-000T00:38:51Z,72.706,38.217,66.21,116.924,78.774,105.493,231.209,-29.85,85.883,-999,0.1,183.917,223.725,17619.8,-28.412,185.76,19756.71,1090317.0,4.124,193.989,164.135,-0.62,122.684,761403000,8176.502,2840.474,-999,GO_0019,G8/GANYMEDE/C0394532439R.IMG,INTEGER COSINE TRANSFORM,5.065,4.188,5.623,"VICAR programs run: SSIMERGE,CATLABEL,BADLABELS."
3945324.4,GALILEO,SSI,GO-J/JSA-SSI-2-REDR-V1.0,G8G0012,G8GSCALDRA01,REDR,GANYMEDE,1997-05-07 15:18:09.200000+00:00,CLEAR,0,12.5,100K,8.667,NOT POSSIBLE,8,-000T20:23:54Z,-000T00:38:51Z,72.706,38.217,66.21,116.924,78.774,105.493,231.209,-29.85,85.883,-999,0.1,183.917,223.725,17619.8,-28.412,185.76,19756.71,1090317.0,4.124,193.989,164.135,-0.62,122.684,761403000,8176.502,2840.474,-999,GO_0019,G8/GANYMEDE/C0394532440R.IMG,INTEGER COSINE TRANSFORM,4.352,2.631,5.231,"VICAR programs run: SSIMERGE,CATLABEL,BADLABELS."
3945324.52,GALILEO,SSI,GO-J/JSA-SSI-2-REDR-V1.0,G8G0013,G8GSCALDRA01,REDR,GANYMEDE,1997-05-07 15:18:17.867000+00:00,CLEAR,0,12.5,100K,8.667,NOT POSSIBLE,8,-000T20:23:46Z,-000T00:38:43Z,73.19,43.806,64.229,120.622,78.575,105.0,230.545,-30.226,85.822,-999,0.1,189.79,241.433,17699.7,-32.632,182.067,19685.37,1090244.0,4.146,194.036,160.981,-0.62,122.689,761403000,8972.795,3630.036,-999,GO_0019,G8/GANYMEDE/C0394532452R.IMG,INTEGER COSINE TRANSFORM,4.607,3.188,5.419,"VICAR programs run: SSIMERGE,CATLABEL,BADLABELS."
3945324.65,GALILEO,SSI,GO-J/JSA-SSI-2-REDR-V1.0,G8G0014,G8GSCALDRA01,REDR,GANYMEDE,1997-05-07 15:18:26.533000+00:00,CLEAR,0,12.5,100K,8.667,NOT POSSIBLE,8,-000T20:23:37Z,-000T00:38:34Z,72.808,42.44,67.016,117.043,78.796,105.381,230.969,-30.339,85.752,-999,0.1,184.42,237.75,17589.3,-32.2,185.651,19614.05,1090171.0,4.168,194.082,163.29,-0.62,122.694,761403000,9005.362,2900.366,-999,GO_0019,G8/GANYMEDE/C0394532465R.IMG,INTEGER COSINE TRANSFORM,5.38,3.336,6.222,"VICAR programs run: SSIMERGE,CATLABEL,BADLABELS."
3945324.78,GALILEO,SSI,GO-J/JSA-SSI-2-REDR-V1.0,G8G0015,G8GSCALDRA01,REDR,GANYMEDE,1997-05-07 15:18:35.200000+00:00,CLEAR,0,12.5,100K,8.667,NOT POSSIBLE,8,-000T20:23:28Z,-000T00:38:25Z,72.428,41.406,69.77,113.586,79.023,105.754,231.394,-30.448,85.677,-999,0.1,180.168,234.647,17489.2,-31.785,189.113,19542.73,1090097.0,4.191,194.13,165.436,-0.62,122.699,761403000,9033.956,2173.413,-999,GO_0019,G8/GANYMEDE/C0394532478R.IMG,INTEGER COSINE TRANSFORM,2.849,2.279,3.334,"VICAR programs run: SSIMERGE,CATLABEL,BADLABELS."
3945328.65,GALILEO,SSI,GO-J/JSA-SSI-2-REDR-V1.0,G8G0017,G8GSANSHAR01,REDR,GANYMEDE,1997-05-07 15:22:29.204000+00:00,CLEAR,0,20.83,100K,8.667,NOT POSSIBLE,8,-000T20:19:34Z,-000T00:34:31Z,73.722,10.411,67.81,112.841,77.457,104.571,231.366,-24.609,87.406,-999,0.1,153.319,154.231,15025.1,11.83,189.994,17622.13,1088116.0,4.86,195.531,182.551,-0.62,122.835,761401000,-1776.69,1930.535,-999,GO_0019,G8/GANYMEDE/C0394532865R.IMG,INTEGER COSINE TRANSFORM,3.919,2.808,4.348,"VICAR programs run: SSIMERGE,CATLABEL,BADLABELS."
3945328.78,GALILEO,SSI,GO-J/JSA-SSI-2-REDR-V1.0,G8G0018,G8GSANSHAR01,REDR,GANYMEDE,1997-05-07 15:22:37.871000+00:00,CLEAR,0,20.83,100K,8.667,NOT POSSIBLE,8,-000T20:19:26Z,-000T00:34:23Z,73.351,9.393,70.315,110.312,77.622,104.943,231.773,-24.657,87.388,-999,0.1,152.352,153.575,14947.3,12.283,192.529,17551.21,1088043.0,4.887,195.588,182.254,-0.62,122.84,761401000,-1876.53,1199.893,-999,GO_0019,G8/GANYMEDE/C0394532878R.IMG,INTEGER COSINE TRANSFORM,4.181,3.2,4.391,"VICAR programs run: SSIMERGE,CATLABEL,BADLABELS."
3899230.0,GALILEO,SSI,GO-J/JSA-SSI-2-REDR-V1.0,G7G0010,G7GSNICHOL01,REDR,GANYMEDE,1997-04-05 06:31:35.562000+00:00,CLEAR,0,12.5,100K,8.667,NOT POSSIBLE,7,000T19:27:31Z,-000T00:39:24Z,72.605,31.52,58.061,122.457,76.665,97.75,226.182,-36.724,85.694,-999,0.1,189.223,204.39,17840.0,-11.75,354.535,20132.58,1050169.0,13.015,6.811,165.793,-0.762,297.057,764037000,6159.063,3925.951,-999,GO_0018,G7/GANYMEDE/C0389923000R.IMG,INTEGER COSINE TRANSFORM,4.374,2.558,5.096,"VICAR programs run: SSIMERGE,CATLABEL,BADLABELS."
3899230.13,GALILEO,SSI,GO-J/JSA-SSI-2-REDR-V1.0,G7G0011,G7GSNICHOL01,REDR,GANYMEDE,1997-04-05 06:31:44.229000+00:00,CLEAR,0,12.5,100K,8.667,NOT POSSIBLE,7,000T19:27:40Z,-000T00:39:15Z,73.081,34.63,55.315,125.499,76.344,97.255,225.556,-36.798,85.776,-999,0.1,194.325,207.812,17839.8,-13.203,351.51,20063.16,1050241.0,13.064,6.852,163.179,-0.762,297.062,764037000,6402.158,4674.776,-999,GO_0018,G7/GANYMEDE/C0389923013R.IMG,INTEGER COSINE TRANSFORM,4.473,3.148,6.22,"VICAR programs run: SSIMERGE,CATLABEL,BADLABELS."
3899230.26,GALILEO,SSI,GO-J/JSA-SSI-2-REDR-V1.0,G7G0012,G7GSNICHOL01,REDR,GANYMEDE,1997-04-05 06:31:52.896000+00:00,CLEAR,0,12.5,100K,8.667,NOT POSSIBLE,7,000T19:27:48Z,-000T00:39:07Z,73.557,37.973,52.557,128.649,76.012,96.806,224.931,-36.865,85.871,-999,0.1,202.04,212.086,17851.5,-14.713,348.374,19993.76,1050314.0,13.114,6.893,160.237,-0.762,297.067,764037000,6639.586,5422.866,-999,GO_0018,G7/GANYMEDE/C0389923026R.IMG,INTEGER COSINE TRANSFORM,4.869,3.194,5.628,"VICAR programs run: SSIMERGE,CATLABEL,BADLABELS."
3945330.66,GALILEO,SSI,GO-J/JSA-SSI-2-REDR-V1.0,G8G0020,G8GSERECH_01,REDR,GANYMEDE,1997-05-07 15:24:30.533000+00:00,CLEAR,0,12.5,100K,8.667,NOT POSSIBLE,8,-000T20:17:33Z,-000T00:32:30Z,77.257,34.286,54.703,126.724,76.262,100.924,226.117,-28.841,86.607,-999,0.1,163.168,161.306,14388.1,-15.979,176.181,16630.79,1087088.0,5.266,196.374,162.351,-0.62,122.906,761400000,6445.413,6823.863,-999,GO_0019,G8/GANYMEDE/C0394533066R.IMG,INTEGER COSINE TRANSFORM,5.174,4.087,6.098,"VICAR programs run: SSIMERGE,CATLABEL,BADLABELS."
3945330.78,GALILEO,SSI,GO-J/JSA-SSI-2-REDR-V1.0,G8G0021,G8GSERECH_01,REDR,GANYMEDE,1997-05-07 15:24:39.200000+00:00,CLEAR,0,12.5,100K,8.667,NOT POSSIBLE,8,-000T20:17:24Z,-000T00:32:21Z,76.909,31.773,57.154,124.018,76.448,101.272,226.506,-28.916,86.554,-999,0.1,158.095,158.582,14262.6,-15.325,178.893,16560.12,1087015.0,5.297,196.438,164.3,-0.62,122.911,761400000,6383.565,6117.932,-999,GO_0019,G8/GANYMEDE/C0394533078R.IMG,INTEGER COSINE TRANSFORM,4.991,3.047,5.16,"VICAR programs run: SSIMERGE,CATLABEL,BADLABELS."
4410130.78,GALILEO,SSI,GO-J/JSA-SSI-2-REDR-V1.0,14G0001,14GSGLOBAL01,REDR,GANYMEDE,1998-03-30 00:08:48.145000+00:00,GREEN,1,45.83,100K,8.667,NOT POSSIBLE,14,000T16:08:47Z,-000T00:01:11Z,10.402,0.0,10.402,190.38,303.772,174.877,348.939,-4.775,261.395,-999,0.1,9328.86,9321.27,918150.0,0.201,305.724,920784.1,951926.9,0.201,305.724,175.179,0.88,316.104,748647000,362.285,406.378,-999,GO_0020,E14/GANYMEDE/C0441013078R.IMG,INTEGER COSINE TRANSFORM,4.975,3.615,28.8,"VICAR programs run: SSIMERGE,CATLABEL,BADLABELS."
3899232.0,GALILEO,SSI,GO-J/JSA-SSI-2-REDR-V1.0,G7G0020,G7GSACHELS01,REDR,GANYMEDE,1997-04-05 06:33:36.895000+00:00,CLEAR,0,12.5,100K,8.667,NOT POSSIBLE,7,000T19:29:32Z,-000T00:37:23Z,70.399,55.042,82.594,107.65,77.857,99.858,230.923,-28.264,86.754,-999,0.1,178.845,310.053,17531.7,62.284,9.521,19162.64,1051181.0,13.734,7.405,186.493,-0.762,297.127,764038000,-10731.8,-482.12,-999,GO_0018,G7/GANYMEDE/C0389923200R.IMG,INTEGER COSINE TRANSFORM,4.927,3.571,6.409,"VICAR programs run: SSIMERGE,CATLABEL,BADLABELS."
3899232.13,GALILEO,SSI,GO-J/JSA-SSI-2-REDR-V1.0,G7G0021,G7GSACHELS01,REDR,GANYMEDE,1997-04-05 06:33:45.562000+00:00,CLEAR,0,12.5,100K,8.667,PRESENCE VERIFIED,7,000T19:29:41Z,-000T00:37:14Z,70.013,55.651,85.453,101.337,78.063,100.221,231.345,-28.371,86.699,-999,0.1,181.504,312.432,17483.3,62.543,15.739,19093.53,1051254.0,13.788,7.45,184.08,-0.762,297.132,764038000,-10774.8,-1218.2,-999,GO_0018,G7/GANYMEDE/C0389923213R.IMG,INTEGER COSINE TRANSFORM,5.585,4.274,7.23,"VICAR programs run: SSIMERGE,CATLABEL,BADLABELS."
3899234.0,GALILEO,SSI,GO-J/JSA-SSI-2-REDR-V1.0,G7G0030,G7GSNUNSUL01,REDR,GANYMEDE,1997-04-05 06:35:38.229000+00:00,CLEAR,0,12.5,100K,8.667,NOT POSSIBLE,7,000T19:31:34Z,-000T00:35:21Z,76.279,60.468,48.644,161.093,74.748,93.953,223.975,-28.548,87.396,-999,0.1,259.232,284.688,16754.4,44.93,316.001,18197.37,1052194.0,14.528,8.058,216.669,-0.762,297.198,764039000,-9104.48,8524.807,-999,GO_0018,G7/GANYMEDE/C0389923400R.IMG,INTEGER COSINE TRANSFORM,9.634,4.902,11.893,"VICAR programs run: SSIMERGE,CATLABEL,BADLABELS."
3899234.13,GALILEO,SSI,GO-J/JSA-SSI-2-REDR-V1.0,G7G0031,G7GSNUNSUL01,REDR,GANYMEDE,1997-04-05 06:35:46.895000+00:00,CLEAR,0,12.5,100K,8.667,NOT POSSIBLE,7,000T19:31:42Z,-000T00:35:13Z,75.921,56.953,51.198,155.663,74.939,94.296,224.358,-28.677,87.329,-999,0.1,231.057,264.663,16557.5,45.774,321.4,18128.62,1052267.0,14.588,8.107,213.143,-0.762,297.203,764039000,-9137.09,7823.141,-999,GO_0018,G7/GANYMEDE/C0389923413R.IMG,INTEGER COSINE TRANSFORM,5.013,3.598,5.361,"VICAR programs run: SSIMERGE,CATLABEL,BADLABELS."
3899236.0,GALILEO,SSI,GO-J/JSA-SSI-2-REDR-V1.0,G7G0040,G7GSNEITH_01,REDR,GANYMEDE,1997-04-05 06:37:39.562000+00:00,CLEAR,0,12.5,100K,8.667,NOT POSSIBLE,7,000T19:33:35Z,-000T00:33:20Z,72.603,15.226,71.903,111.05,76.746,97.635,227.028,-33.412,86.185,-999,0.1,148.983,154.4,14682.2,28.114,6.21,17237.55,1053208.0,15.408,8.781,186.108,-0.762,297.268,764040000,-3532.23,831.923,-999,GO_0018,G7/GANYMEDE/C0389923600R.IMG,INTEGER COSINE TRANSFORM,4.116,2.72,4.63,"VICAR programs run: SSIMERGE,CATLABEL,BADLABELS."
5524436.0,GALILEO,SSI,GO-J/JSA-SSI-2-REDR-V1.0,28G0005,28GSBRTDRK01,REDR,GANYMEDE,2000-05-20 10:14:27.381000+00:00,CLEAR,0,12.5,100K,8.667,NOT POSSIBLE,28,-000T18:37:36Z,000T00:04:25Z,78.351,21.283,57.616,235.544,254.797,99.415,133.338,32.475,267.0,-999,0.1,20.5589,19.8331,1929.92,-14.444,318.844,4485.731,1069147.0,-14.104,309.579,185.923,3.041,14.265,747368000,-3062.22,21591.15,-999,GO_0023,G28/GANYMEDE/C0552443600R.IMG,BARC RATE CONTROL,0.0,0.0,0.0,"VICAR programs run: SSIMERGE,CATLABEL,BADLABELS."
3899236.13,GALILEO,SSI,GO-J/JSA-SSI-2-REDR-V1.0,G7G0041,G7GSNEITH_01,REDR,GANYMEDE,1997-04-05 06:37:48.233000+00:00,CLEAR,0,20.83,100K,8.667,NOT POSSIBLE,7,000T19:33:44Z,-000T00:33:11Z,72.236,15.14,74.282,108.327,76.979,98.009,227.442,-33.554,86.094,-999,0.1,147.341,153.763,14612.9,28.319,8.917,17169.19,1053280.0,15.475,8.835,185.421,-0.762,297.273,764040000,-3539.01,108.967,-999,GO_0018,G7/GANYMEDE/C0389923613R.IMG,INTEGER COSINE TRANSFORM,3.706,2.899,4.054,"VICAR programs run: SSIMERGE,CATLABEL,BADLABELS."
5524436.13,GALILEO,SSI,GO-J/JSA-SSI-2-REDR-V1.0,28G0006,28GSBRTDRK01,REDR,GANYMEDE,2000-05-20 10:14:36.048000+00:00,CLEAR,0,12.5,100K,8.667,NOT POSSIBLE,28,-000T18:37:27Z,000T00:04:34Z,76.084,19.275,57.432,235.395,256.004,101.735,130.678,32.842,266.714,-999,0.1,21.9016,20.1202,1979.68,-14.419,319.038,4548.3,1069050.0,-13.893,310.535,186.172,3.041,14.27,747368000,-3118.6,19244.39,-999,GO_0023,G28/GANYMEDE/C0552443613R.IMG,BARC RATE CONTROL,0.0,0.0,0.0,"VICAR programs run: SSIMERGE,CATLABEL,BADLABELS."
3899236.26,GALILEO,SSI,GO-J/JSA-SSI-2-REDR-V1.0,G7G0042,G7GSNEITH_01,REDR,GANYMEDE,1997-04-05 06:37:56.899000+00:00,CLEAR,0,20.83,100K,8.667,NOT POSSIBLE,7,000T19:33:52Z,-000T00:33:03Z,72.292,17.989,74.539,108.585,76.94,97.97,227.467,-33.181,86.167,-999,0.1,148.593,155.501,14576.3,30.803,8.717,17100.9,1053353.0,15.542,8.89,186.048,-0.762,297.278,764041000,-4282.75,132.166,-999,GO_0018,G7/GANYMEDE/C0389923626R.IMG,INTEGER COSINE TRANSFORM,3.846,3.344,4.375,"VICAR programs run: SSIMERGE,CATLABEL,BADLABELS."
5524436.26,GALILEO,SSI,GO-J/JSA-SSI-2-REDR-V1.0,28G0007,28GSBRTDRK01,REDR,GANYMEDE,2000-05-20 10:14:44.714000+00:00,CLEAR,0,12.5,100K,8.667,NOT POSSIBLE,28,-000T18:37:19Z,000T00:04:42Z,74.13,17.749,57.088,235.029,259.203,103.663,128.365,33.091,264.343,-999,0.1,20.6723,20.7777,2034.58,-14.376,319.397,4612.032,1068953.0,-13.683,311.463,184.289,3.041,14.275,747368000,-3829.24,17280.27,-999,GO_0023,G28/GANYMEDE/C0552443626R.IMG,BARC RATE CONTROL,0.0,0.0,0.0,"VICAR programs run: SSIMERGE,CATLABEL,BADLABELS."
3899236.39,GALILEO,SSI,GO-J/JSA-SSI-2-REDR-V1.0,G7G0043,G7GSNEITH_01,REDR,GANYMEDE,1997-04-05 06:38:05.566000+00:00,CLEAR,0,20.83,100K,8.667,NOT POSSIBLE,7,000T19:34:01Z,-000T00:32:54Z,72.788,17.962,72.165,111.337,76.624,97.458,226.873,-33.133,86.27,-999,0.1,147.842,154.829,14507.7,30.59,5.956,17032.64,1053425.0,15.61,8.946,186.839,-0.762,297.283,764041000,-4276.93,891.044,-999,GO_0018,G7/GANYMEDE/C0389923639R.IMG,INTEGER COSINE TRANSFORM,3.767,2.944,4.155,"VICAR programs run: SSIMERGE,CATLABEL,BADLABELS."
5524436.39,GALILEO,SSI,GO-J/JSA-SSI-2-REDR-V1.0,28G0008,28GSBRTDRK01,REDR,GANYMEDE,2000-05-20 10:14:53.381000+00:00,CLEAR,0,12.5,100K,8.667,NOT POSSIBLE,28,-000T18:37:10Z,000T00:04:51Z,72.228,16.229,56.786,234.724,260.332,105.567,126.109,33.325,264.041,-999,0.1,22.0177,21.3367,2091.17,-14.316,319.708,4676.895,1068856.0,-13.476,312.364,184.422,3.041,14.28,747368000,-3816.03,15511.42,-999,GO_0023,G28/GANYMEDE/C0552443639R.IMG,BARC RATE CONTROL,0.0,0.0,0.0,"VICAR programs run: SSIMERGE,CATLABEL,BADLABELS."
3899238.0,GALILEO,SSI,GO-J/JSA-SSI-2-REDR-V1.0,G7G0050,G7GSKITTU_01,REDR,GANYMEDE,1997-04-05 06:39:46.254000+00:00,GREEN,1,62.5,100K,60.667,NOT POSSIBLE,7,000T19:35:42Z,-000T00:31:13Z,79.535,44.296,37.466,142.526,71.554,90.823,217.335,-36.554,87.664,-999,0.1,198.308,150.393,14252.4,0.623,334.784,16242.23,1054267.0,16.436,9.624,164.425,-0.762,297.342,764041000,3672.775,11139.27,-999,GO_0018,G7/GANYMEDE/C0389923800R.IMG,INTEGER COSINE TRANSFORM,5.921,5.112,6.624,"VICAR programs run: SSIMERGE,CATLABEL,BADLABELS."
5524438.0,GALILEO,SSI,GO-J/JSA-SSI-2-REDR-V1.0,28G0014,28GSARBELA01,REDR,GANYMEDE,2000-05-20 10:16:28.714000+00:00,CLEAR,0,12.5,100K,8.667,NOT POSSIBLE,28,-000T18:35:35Z,000T00:06:26Z,73.901,45.398,33.278,207.999,258.233,103.674,126.923,27.388,266.104,-999,0.1,46.3508,35.0398,3272.05,-15.475,346.391,5452.696,1067787.0,-11.401,320.707,208.428,3.041,14.335,747368000,-11433.9,34454.71,-999,GO_0023,G28/GANYMEDE/C0552443800R.IMG,BARC RATE CONTROL,0.0,0.0,0.0,"VICAR programs run: SSIMERGE,CATLABEL,BADLABELS."
5524440.0,GALILEO,SSI,GO-J/JSA-SSI-2-REDR-V1.0,28G0018,28GSCALDRA01,REDR,GANYMEDE,2000-05-20 10:18:30.047000+00:00,CLEAR,0,12.5,100K,8.667,NOT POSSIBLE,28,-000T18:33:33Z,000T00:08:28Z,39.754,30.34,62.256,237.339,273.367,137.634,88.536,25.148,266.617,-999,0.1,43.4763,46.427,4147.52,-24.498,316.852,6555.665,1066431.0,-9.316,328.194,194.209,3.041,14.406,747368000,-15907.2,-11857.7,-999,GO_0023,G28/GANYMEDE/C0552444000R.IMG,BARC RATE CONTROL,0.0,0.0,0.0,"VICAR programs run: SSIMERGE,CATLABEL,BADLABELS."
5524440.13,GALILEO,SSI,GO-J/JSA-SSI-2-REDR-V1.0,28G0019,28GSCALDRA01,REDR,GANYMEDE,2000-05-20 10:18:38.714000+00:00,CLEAR,0,12.5,100K,8.667,NOT POSSIBLE,28,-000T18:33:25Z,000T00:08:36Z,39.82,29.544,61.248,236.472,273.349,137.705,88.604,25.212,266.606,-999,0.1,44.7891,47.1271,4219.67,-24.369,317.976,6637.934,1066334.0,-9.189,328.63,194.675,3.041,14.411,747368000,-15602.6,-10983.0,-999,GO_0023,G28/GANYMEDE/C0552444013R.IMG,BARC RATE CONTROL,0.0,0.0,0.0,"VICAR programs run: SSIMERGE,CATLABEL,BADLABELS."
5524440.26,GALILEO,SSI,GO-J/JSA-SSI-2-REDR-V1.0,28G0020,28GSCALDRA01,REDR,GANYMEDE,2000-05-20 10:18:47.381000+00:00,CLEAR,0,12.5,100K,8.667,NOT POSSIBLE,28,-000T18:33:16Z,000T00:08:45Z,39.545,29.434,60.836,235.94,273.543,137.948,88.3,25.208,266.543,-999,0.1,46.0784,48.1744,4302.3,-24.36,318.454,6720.574,1066237.0,-9.065,329.055,194.861,3.041,14.416,747368000,-15387.3,-10735.2,-999,GO_0023,G28/GANYMEDE/C0552444026R.IMG,BARC RATE CONTROL,0.0,0.0,0.0,"VICAR programs run: SSIMERGE,CATLABEL,BADLABELS."
5524440.39,GALILEO,SSI,GO-J/JSA-SSI-2-REDR-V1.0,28G0021,28GSCALDRA01,REDR,GANYMEDE,2000-05-20 10:18:56.047000+00:00,CLEAR,0,12.5,100K,8.667,NOT POSSIBLE,28,-000T18:33:07Z,000T00:08:54Z,39.513,28.935,60.035,234.978,273.546,137.957,88.262,25.221,266.557,-999,0.1,47.374,49.0481,4379.5,-24.319,319.373,6803.562,1066141.0,-8.943,329.469,195.294,3.041,14.421,747368000,-15180.1,-10064.7,-999,GO_0023,G28/GANYMEDE/C0552444039R.IMG,BARC RATE CONTROL,0.0,0.0,0.0,"VICAR programs run: SSIMERGE,CATLABEL,BADLABELS."
3599441.45,GALILEO,SSI,GO-J/JSA-SSI-2-REDR-V1.0,G2G0006,G2GSCRATER01,REDR,GANYMEDE,1996-09-06 18:32:17.306000+00:00,GREEN,1,62.5,400K,15.166,NOT POSSIBLE,2,-000T19:05:47Z,-000T00:27:45Z,38.682,48.192,10.631,190.293,95.019,151.056,247.293,-31.722,75.904,-999,0.1,331.283,225.361,10965.4,1.129,152.728,12871.87,1085040.0,6.726,191.858,317.268,-1.618,162.998,773833000,-956.624,7712.026,-999,GO_0017,G2/GANYMEDE/C0359944145R.IMG,INTEGER COSINE TRANSFORM,7.094,6.192,7.806,"VICAR programs run: SSIMERGE,CATLABEL,BADLABELS."
3599444.26,GALILEO,SSI,GO-J/JSA-SSI-2-REDR-V1.0,G2G0010,G2GSNIPPUR01,REDR,GANYMEDE,1996-09-06 18:35:06.610000+00:00,CLEAR,0,12.5,100K,8.667,NOT POSSIBLE,2,-000T19:02:58Z,-000T00:24:56Z,26.364,49.223,59.615,139.428,82.295,163.262,261.064,-23.903,94.48,-999,0.1,100.13,150.269,9727.6,46.176,203.615,11620.32,1083781.0,8.194,191.69,220.074,-1.618,163.097,773832000,-16575.4,-2116.71,-999,GO_0017,G2/GANYMEDE/C0359944426R.IMG,INTEGER COSINE TRANSFORM,11.874,6.66,17.184,"VICAR programs run: SSIMERGE,CATLABEL,BADLABELS."
3599444.39,GALILEO,SSI,GO-J/JSA-SSI-2-REDR-V1.0,G2G0011,G2GSNIPPUR01,REDR,GANYMEDE,1996-09-06 18:35:15.276000+00:00,CLEAR,0,12.5,100K,8.667,NOT POSSIBLE,2,-000T19:02:49Z,-000T00:24:47Z,26.419,51.907,61.289,139.261,81.078,163.197,261.025,-23.508,95.679,-999,0.1,99.8626,159.626,9744.06,48.581,203.771,11556.44,1083717.0,8.278,191.68,220.917,-1.618,163.102,773832000,-17452.1,-1556.28,-999,GO_0017,G2/GANYMEDE/C0359944439R.IMG,INTEGER COSINE TRANSFORM,9.353,6.15,10.705,"VICAR programs run: SSIMERGE,CATLABEL,BADLABELS."
3599444.52,GALILEO,SSI,GO-J/JSA-SSI-2-REDR-V1.0,G2G0012,G2GSNIPPUR01,REDR,GANYMEDE,1996-09-06 18:35:23.943000+00:00,CLEAR,0,12.5,100K,8.667,NOT POSSIBLE,2,-000T19:02:41Z,-000T00:24:39Z,26.478,54.72,63.101,139.032,79.894,163.072,260.988,-23.117,96.847,-999,0.1,99.8818,171.484,9768.39,51.099,204.017,11492.58,1083652.0,8.362,191.67,221.424,-1.618,163.107,773832000,-18308.7,-973.82,-999,GO_0017,G2/GANYMEDE/C0359944452R.IMG,INTEGER COSINE TRANSFORM,8.942,6.421,10.031,"VICAR programs run: SSIMERGE,CATLABEL,BADLABELS."
3599446.39,GALILEO,SSI,GO-J/JSA-SSI-2-REDR-V1.0,G2G0013,G2GSGRVLNS01,REDR,GANYMEDE,1996-09-06 18:37:16.610000+00:00,CLEAR,0,12.5,100K,8.667,NOT POSSIBLE,2,-000T19:00:48Z,-000T00:22:46Z,26.406,39.366,52.819,143.111,89.822,163.394,261.005,-26.124,86.928,-999,0.1,88.553,109.736,8496.45,38.942,200.029,10664.45,1082814.0,9.562,191.518,214.974,-1.618,163.173,773831000,-14613.2,-3920.35,-999,GO_0017,G2/GANYMEDE/C0359944639R.IMG,INTEGER COSINE TRANSFORM,11.324,6.434,13.823,"VICAR programs run: SSIMERGE,CATLABEL,BADLABELS."
3599446.52,GALILEO,SSI,GO-J/JSA-SSI-2-REDR-V1.0,G2G0014,G2GSGRVLNS01,REDR,GANYMEDE,1996-09-06 18:37:25.276000+00:00,CLEAR,0,12.5,100K,8.667,NOT POSSIBLE,2,-000T19:00:39Z,-000T00:22:37Z,25.952,39.991,53.948,141.34,90.247,163.812,261.514,-26.18,86.721,-999,0.1,88.4541,109.57,8446.93,39.049,201.823,10600.92,1082749.0,9.661,191.504,213.772,-1.618,163.178,773831000,-14681.0,-4737.78,-999,GO_0017,G2/GANYMEDE/C0359944652R.IMG,INTEGER COSINE TRANSFORM,10.874,6.541,14.67,"VICAR programs run: SSIMERGE,CATLABEL,BADLABELS."
5524451.0,GALILEO,SSI,GO-J/JSA-SSI-2-REDR-V1.0,28G0022,28GSSMOOTH02,REDR,GANYMEDE,2000-05-20 10:29:37.377000+00:00,CLEAR,0,6.25,100K,8.667,NOT POSSIBLE,28,-000T18:22:26Z,000T00:19:35Z,22.691,45.496,67.885,245.945,287.126,154.869,69.209,25.496,261.073,-999,0.1,163.843,119.213,11462.7,-16.063,308.848,13439.7,1059002.0,-4.117,345.008,186.277,3.041,14.793,747366000,-2643.14,-13157.2,-999,GO_0023,G28/GANYMEDE/C0552445100R.IMG,BARC RATE CONTROL,0.0,0.0,0.0,"VICAR programs run: SSIMERGE,CATLABEL,BADLABELS."
5840551.0,GALILEO,SSI,GO-J/JSA-SSI-2-REDR-V1.0,29G0009,29GSAIRGLO01,REDR,GANYMEDE,2000-12-28 09:21:54.741000+00:00,CLEAR,0,25595.8,10K,30.333,NOT POSSIBLE,29,-000T18:04:08Z,000T00:56:54Z,4.218,63.061,62.211,181.268,240.685,171.31,62.698,21.108,310.147,-999,0.1,581.257,612.416,34312.1,65.1,1.83,35582.68,1036373.0,5.939,7.086,122.524,2.897,3.098,755786000,5183.73,-4015.25,-999,GO_0023,G29/GANYMEDE/C0584055100R.IMG,INTEGER COSINE TRANSFORM,5.437,5.727,7.185,"VICAR programs run: SSIMERGE,CATLABEL,BADLABELS."
5524451.13,GALILEO,SSI,GO-J/JSA-SSI-2-REDR-V1.0,28G0023,28GSSMOOTH02,REDR,GANYMEDE,2000-05-20 10:29:46.044000+00:00,CLEAR,0,6.25,100K,8.667,NOT POSSIBLE,28,-000T18:22:17Z,000T00:19:44Z,23.097,42.354,65.107,243.057,286.91,154.462,69.644,25.603,261.109,-999,0.1,156.014,119.072,11470.6,-15.798,311.741,13532.66,1058906.0,-4.083,345.114,186.705,3.041,14.798,747366000,-2634.47,-12261.0,-999,GO_0023,G28/GANYMEDE/C0552445113R.IMG,BARC RATE CONTROL,0.0,0.0,0.0,"VICAR programs run: SSIMERGE,CATLABEL,BADLABELS."
5524452.0,GALILEO,SSI,GO-J/JSA-SSI-2-REDR-V1.0,28G0024,28GSBRTDRK02,REDR,GANYMEDE,2000-05-20 10:30:38.044000+00:00,CLEAR,0,6.25,100K,8.667,NOT POSSIBLE,28,-000T18:21:25Z,000T00:20:36Z,23.819,35.347,58.791,236.474,286.917,153.71,70.379,25.899,260.799,-999,0.1,146.325,122.27,11861.5,-14.493,318.174,14091.21,1058328.0,-3.89,345.721,186.997,3.041,14.828,747366000,-2229.16,-9979.19,-999,GO_0023,G28/GANYMEDE/C0552445200R.IMG,BARC RATE CONTROL,0.0,0.0,0.0,"VICAR programs run: SSIMERGE,CATLABEL,BADLABELS."
5840552.0,GALILEO,SSI,GO-J/JSA-SSI-2-REDR-V1.0,29G0010,29GSAIRGLO01,REDR,GANYMEDE,2000-12-28 09:22:55.408000+00:00,CLEAR,0,25595.8,10K,30.333,NOT POSSIBLE,29,-000T18:03:07Z,000T00:57:55Z,4.104,51.195,50.76,179.951,238.872,170.993,62.845,20.717,311.904,-999,0.1,466.466,466.548,34498.4,53.656,3.183,36206.52,1035745.0,5.814,7.055,126.633,2.897,3.134,755786000,4353.523,-3550.86,-999,GO_0023,G29/GANYMEDE/C0584055200R.IMG,INTEGER COSINE TRANSFORM,6.913,5.764,8.568,"VICAR programs run: SSIMERGE,CATLABEL,BADLABELS."
5524452.13,GALILEO,SSI,GO-J/JSA-SSI-2-REDR-V1.0,28G0025,28GSBRTDRK02,REDR,GANYMEDE,2000-05-20 10:30:46.711000+00:00,CLEAR,0,6.25,100K,8.667,NOT POSSIBLE,28,-000T18:21:17Z,000T00:20:44Z,24.193,32.659,56.421,234.076,286.572,153.342,70.78,26.0,260.978,-999,0.1,141.101,122.532,11896.9,-14.201,320.62,14184.44,1058232.0,-3.859,345.818,187.532,3.041,14.834,747366000,-2240.87,-9155.15,-999,GO_0023,G28/GANYMEDE/C0552445213R.IMG,BARC RATE CONTROL,0.0,0.0,0.0,"VICAR programs run: SSIMERGE,CATLABEL,BADLABELS."
5524453.0,GALILEO,SSI,GO-J/JSA-SSI-2-REDR-V1.0,28G0026,28GSNICHOL02,REDR,GANYMEDE,2000-05-20 10:31:38.711000+00:00,CLEAR,0,6.25,100K,8.667,NOT POSSIBLE,28,-000T18:20:25Z,000T00:21:36Z,26.694,18.876,42.59,218.779,284.085,150.857,73.7,25.961,262.246,-999,0.1,128.081,127.417,12229.2,-15.535,336.122,14744.63,1057654.0,-3.681,346.373,195.359,3.041,14.864,747366000,-3458.32,-3793.4,-999,GO_0023,G28/GANYMEDE/C0552445300R.IMG,BARC RATE CONTROL,0.0,0.0,0.0,"VICAR programs run: SSIMERGE,CATLABEL,BADLABELS."
5840553.0,GALILEO,SSI,GO-J/JSA-SSI-2-REDR-V1.0,29G0011,29GSAIRGLO01,REDR,GANYMEDE,2000-12-28 09:23:56.074000+00:00,CLEAR,0,25595.8,10K,30.333,NOT POSSIBLE,29,-000T18:02:06Z,000T00:58:56Z,4.024,41.447,41.436,179.309,237.197,170.66,62.999,20.321,313.522,-999,0.1,420.991,412.216,34815.9,44.327,3.86,36830.57,1035118.0,5.693,7.025,129.04,2.897,3.169,755786000,3573.692,-3018.74,-999,GO_0023,G29/GANYMEDE/C0584055300R.IMG,INTEGER COSINE TRANSFORM,7.408,6.338,8.281,"VICAR programs run: SSIMERGE,CATLABEL,BADLABELS."
5524453.13,GALILEO,SSI,GO-J/JSA-SSI-2-REDR-V1.0,28G0027,28GSNICHOL02,REDR,GANYMEDE,2000-05-20 10:31:47.377000+00:00,CLEAR,0,6.25,100K,8.667,NOT POSSIBLE,28,-000T18:20:16Z,000T00:21:45Z,27.013,17.18,40.695,216.602,283.748,150.502,74.04,26.051,262.44,-999,0.1,128.246,128.137,12302.8,-15.205,338.118,14838.08,1057558.0,-3.653,346.462,196.341,3.041,14.869,747366000,-3418.5,-3082.72,-999,GO_0023,G28/GANYMEDE/C0552445313R.IMG,BARC RATE CONTROL,0.0,0.0,0.0,"VICAR programs run: SSIMERGE,CATLABEL,BADLABELS."
5524454.0,GALILEO,SSI,GO-J/JSA-SSI-2-REDR-V1.0,28G0028,28GSARBELA02,REDR,GANYMEDE,2000-05-20 10:32:39.377000+00:00,CLEAR,0,6.25,100K,8.667,NOT POSSIBLE,28,-000T18:19:24Z,000T00:22:37Z,27.924,12.15,33.764,209.697,283.552,149.623,74.984,26.413,262.239,-999,0.1,130.788,132.853,12816.1,-13.424,345.192,15399.52,1056980.0,-3.491,346.974,198.969,3.041,14.899,747366000,-2978.1,-677.391,-999,GO_0023,G28/GANYMEDE/C0552445400R.IMG,BARC RATE CONTROL,0.0,0.0,0.0,"VICAR programs run: SSIMERGE,CATLABEL,BADLABELS."
5840554.0,GALILEO,SSI,GO-J/JSA-SSI-2-REDR-V1.0,29G0012,29GSAIRGLO01,REDR,GANYMEDE,2000-12-28 09:24:56.741000+00:00,CLEAR,0,25595.8,10K,30.333,NOT POSSIBLE,29,-000T18:01:06Z,000T00:59:56Z,3.98,32.732,33.156,178.829,235.648,170.314,63.16,19.925,315.011,-999,0.1,397.746,388.13,35213.2,36.034,4.376,37454.82,1034490.0,5.576,6.998,130.539,2.897,3.204,755786000,2848.71,-2434.23,-999,GO_0023,G29/GANYMEDE/C0584055400R.IMG,INTEGER COSINE TRANSFORM,7.436,6.292,8.505,"VICAR programs run: SSIMERGE,CATLABEL,BADLABELS."
5524454.13,GALILEO,SSI,GO-J/JSA-SSI-2-REDR-V1.0,28G0029,28GSARBELA02,REDR,GANYMEDE,2000-05-20 10:32:48.044000+00:00,CLEAR,0,6.25,100K,8.667,NOT POSSIBLE,28,-000T18:19:15Z,000T00:22:46Z,28.246,11.859,31.919,207.616,283.488,149.295,75.345,26.45,262.151,-999,0.1,130.903,133.854,12907.6,-13.32,347.288,15493.2,1056884.0,-3.465,347.056,200.508,3.041,14.904,747366000,-3018.77,8.611,-999,GO_0023,G28/GANYMEDE/C0552445413R.IMG,BARC RATE CONTROL,0.0,0.0,0.0,"VICAR programs run: SSIMERGE,CATLABEL,BADLABELS."
5524454.26,GALILEO,SSI,GO-J/JSA-SSI-2-REDR-V1.0,28G0030,28GSARBELA02,REDR,GANYMEDE,2000-05-20 10:32:56.710000+00:00,CLEAR,0,6.25,100K,8.667,NOT POSSIBLE,28,-000T18:19:07Z,000T00:22:54Z,27.829,14.509,34.116,208.906,282.857,149.699,75.001,25.978,262.926,-999,0.1,132.143,136.488,13024.5,-15.466,345.945,15586.9,1056788.0,-3.439,347.137,202.688,3.041,14.909,747366000,-3671.13,-507.035,-999,GO_0023,G28/GANYMEDE/C0552445426R.IMG,BARC RATE CONTROL,0.0,0.0,0.0,"VICAR programs run: SSIMERGE,CATLABEL,BADLABELS."
5524454.39,GALILEO,SSI,GO-J/JSA-SSI-2-REDR-V1.0,28G0031,28GSARBELA02,REDR,GANYMEDE,2000-05-20 10:33:05.377000+00:00,CLEAR,0,6.25,100K,8.667,NOT POSSIBLE,28,-000T18:18:58Z,000T00:23:03Z,28.193,14.189,32.06,206.6,282.623,149.336,75.398,26.053,262.992,-999,0.1,133.663,137.274,13115.3,-15.198,348.279,15680.63,1056692.0,-3.414,347.217,204.595,3.041,14.914,747366000,-3653.87,257.785,-999,GO_0023,G28/GANYMEDE/C0552445439R.IMG,BARC RATE CONTROL,0.0,0.0,0.0,"VICAR programs run: SSIMERGE,CATLABEL,BADLABELS."
5524454.52,GALILEO,SSI,GO-J/JSA-SSI-2-REDR-V1.0,28G0032,28GSARBELA02,REDR,GANYMEDE,2000-05-20 10:33:14.044000+00:00,CLEAR,0,6.25,100K,8.667,NOT POSSIBLE,28,-000T18:18:49Z,000T00:23:12Z,27.832,17.003,34.25,207.897,282.08,149.731,75.12,25.553,263.652,-999,0.1,134.548,140.456,13238.3,-17.595,347.199,15774.39,1056595.0,-3.389,347.296,206.859,3.041,14.919,747366000,-4378.9,-163.454,-999,GO_0023,G28/GANYMEDE/C0552445452R.IMG,BARC RATE CONTROL,0.0,0.0,0.0,"VICAR programs run: SSIMERGE,CATLABEL,BADLABELS."
5524454.65,GALILEO,SSI,GO-J/JSA-SSI-2-REDR-V1.0,28G0033,28GSARBELA02,REDR,GANYMEDE,2000-05-20 10:33:22.710000+00:00,CLEAR,0,6.25,100K,8.667,NOT POSSIBLE,28,-000T18:18:41Z,000T00:23:20Z,28.132,16.748,32.475,205.53,281.935,149.367,75.44,25.637,263.662,-999,0.1,136.137,141.215,13329.3,-17.253,349.231,15868.16,1056499.0,-3.364,347.374,208.544,3.041,14.924,747366000,-4312.84,481.603,-999,GO_0023,G28/GANYMEDE/C0552445465R.IMG,BARC RATE CONTROL,0.0,0.0,0.0,"VICAR programs run: SSIMERGE,CATLABEL,BADLABELS."
3599456.0,GALILEO,SSI,GO-J/JSA-SSI-2-REDR-V1.0,G2G0031,G2GSURUKSL01,REDR,GANYMEDE,1996-09-06 18:46:57.276000+00:00,CLEAR,0,12.5,100K,8.667,NOT POSSIBLE,2,-000T18:51:07Z,-000T00:13:05Z,47.314,36.237,13.833,175.018,111.676,141.1,239.452,-48.089,54.965,-999,0.1,50.2192,45.2999,4195.65,11.301,168.483,6509.132,1078478.0,20.485,189.76,208.439,-1.618,163.511,773829000,-7741.85,23258.12,-999,GO_0017,G2/GANYMEDE/C0359945600R.IMG,INTEGER COSINE TRANSFORM,13.282,7.741,17.356,"VICAR programs run: SSIMERGE,CATLABEL,BADLABELS."
5524456.0,GALILEO,SSI,GO-J/JSA-SSI-2-REDR-V1.0,28G0034,28GSCALDRA02,REDR,GANYMEDE,2000-05-20 10:34:40.710000+00:00,CLEAR,0,6.25,100K,8.667,NOT POSSIBLE,28,-000T18:17:23Z,000T00:24:38Z,22.102,43.455,63.233,238.779,283.389,155.416,69.144,23.667,264.835,-999,0.1,191.235,167.209,14704.0,-24.199,316.19,16713.24,1055633.0,-3.156,348.043,195.29,3.041,14.969,747366000,-5325.43,-8677.86,-999,GO_0023,G28/GANYMEDE/C0552445600R.IMG,BARC RATE CONTROL,0.0,0.0,0.0,"VICAR programs run: SSIMERGE,CATLABEL,BADLABELS."
5840556.0,GALILEO,SSI,GO-J/JSA-SSI-2-REDR-V1.0,29G0014,29GSAIRGLO01,REDR,GANYMEDE,2000-12-28 09:26:58.074000+00:00,CLEAR,0,25595.8,10K,30.333,NOT POSSIBLE,29,-000T17:59:04Z,000T01:01:58Z,4.016,16.69,18.044,178.019,232.897,169.596,63.491,19.132,317.641,-999,0.1,378.374,373.062,36175.0,20.837,5.256,38703.91,1033234.0,5.353,6.951,130.305,2.897,3.275,755786000,1543.403,-1147.64,-999,GO_0023,G29/GANYMEDE/C0584055600R.IMG,INTEGER COSINE TRANSFORM,6.771,5.627,8.333,"VICAR programs run: SSIMERGE,CATLABEL,BADLABELS."
3599456.13,GALILEO,SSI,GO-J/JSA-SSI-2-REDR-V1.0,G2G0032,G2GSURUKSL01,REDR,GANYMEDE,1996-09-06 18:47:05.943000+00:00,CLEAR,0,12.5,100K,8.667,NOT POSSIBLE,2,-000T18:50:59Z,-000T00:12:57Z,47.251,35.353,14.565,174.448,112.193,141.076,239.652,-48.349,54.509,-999,0.1,51.6865,42.6887,4118.8,11.86,169.07,6449.745,1078413.0,20.753,189.711,206.318,-1.618,163.516,773829000,-7799.65,22904.74,-999,GO_0017,G2/GANYMEDE/C0359945613R.IMG,INTEGER COSINE TRANSFORM,12.831,7.865,14.471,"VICAR programs run: SSIMERGE,CATLABEL,BADLABELS."
5524456.13,GALILEO,SSI,GO-J/JSA-SSI-2-REDR-V1.0,28G0035,28GSCALDRA02,REDR,GANYMEDE,2000-05-20 10:34:49.377000+00:00,CLEAR,0,6.25,100K,8.667,NOT POSSIBLE,28,-000T18:17:14Z,000T00:24:47Z,22.507,40.299,60.178,235.361,283.218,155.012,69.573,23.763,264.829,-999,0.1,182.689,166.019,14713.2,-23.924,319.613,16807.26,1055537.0,-3.134,348.113,196.485,3.041,14.974,747366000,-5286.6,-7860.63,-999,GO_0023,G28/GANYMEDE/C0552445613R.IMG,BARC RATE CONTROL,0.0,0.0,0.0,"VICAR programs run: SSIMERGE,CATLABEL,BADLABELS."
3945262.0,GALILEO,SSI,GO-J/JSA-SSI-2-REDR-V1.0,G8G0002,G8GSTIAMAT01,REDR,GANYMEDE,1997-05-07 14:15:07.206000+00:00,CLEAR,0,20.83,100K,60.667,NOT POSSIBLE,8,-000T21:26:56Z,-000T01:41:53Z,63.303,21.212,84.505,95.496,81.361,115.076,243.207,-23.792,88.003,-999,0.1,531.955,496.158,48859.1,0.069,204.988,51323.48,1122245.0,0.409,184.843,178.844,-0.62,120.484,761441000,492.634,-1426.89,-999,GO_0019,G8/GANYMEDE/C0394526200R.IMG,INTEGER COSINE TRANSFORM,3.363,2.918,3.214,"VICAR programs run: SSIMERGE,CATLABEL,BADLABELS."
5840562.0,GALILEO,SSI,GO-J/JSA-SSI-2-REDR-V1.0,29G0020,29GSAIRGLO01,REDR,GANYMEDE,2000-12-28 09:33:02.074000+00:00,CLEAR,0,25595.8,10K,30.333,NOT POSSIBLE,29,-000T17:53:00Z,000T01:08:02Z,5.436,31.105,26.243,205.952,226.183,170.229,62.103,18.572,324.911,-999,0.1,439.649,446.568,40179.8,7.499,337.533,42455.33,1029468.0,4.765,6.849,221.985,2.897,3.486,755786000,-1942.8,-1715.41,-999,GO_0023,G29/GANYMEDE/C0584056200R.IMG,INTEGER COSINE TRANSFORM,6.667,5.731,7.743,"VICAR programs run: SSIMERGE,CATLABEL,BADLABELS."
4981169.0,GALILEO,SSI,GO-J/JSA-SSI-2-REDR-V1.0,20G0001,20GSGEOGAP01,REDR,GANYMEDE,1999-05-04 23:11:33.165000+00:00,GREEN,1,62.5,100K,60.667,NOT POSSIBLE,20,001T06:04:32Z,000T12:47:29Z,24.826,0.0,24.826,204.743,305.038,159.243,35.886,15.866,255.016,-999,0.1,9173.95,9183.9,904295.0,0.301,270.252,906929.2,1425649.0,0.301,270.252,170.174,2.437,294.995,741002000,402.022,395.921,-999,GO_0021,C20/GANYMEDE/C0498116900R.IMG,INTEGER COSINE TRANSFORM,3.986,3.479,12.784,"VICAR programs run: SSIMERGE,CATLABEL,BADLABELS."
3945178.0,GALILEO,SSI,GO-J/JSA-SSI-2-REDR-V1.0,G8G0001,G8GSREGCON01,REDR,GANYMEDE,1997-05-07 12:50:11.209000+00:00,CLEAR,0,20.83,100K,60.667,NOT POSSIBLE,8,-000T22:51:52Z,-000T03:06:49Z,62.114,43.852,79.267,104.715,80.998,116.32,244.874,-21.895,89.026,-999,0.1,968.139,1278.8,92402.8,40.458,192.804,94319.03,1165157.0,-0.642,179.916,186.596,-0.621,117.519,761494000,-1437.0,-108.051,-999,GO_0019,G8/GANYMEDE/C0394517800R.IMG,INTEGER COSINE TRANSFORM,2.758,2.281,3.213,"VICAR programs run: SSIMERGE,CATLABEL,BADLABELS."
6050882.0,GALILEO,SSI,GO-J/JSA-SSI-2-REDR-V1.0,30G0005,30GSGLOCOL01,REDR,GANYMEDE,2001-05-25 01:49:39.398000+00:00,VIOLET,3,129.17,40K,60.667,NOT POSSIBLE,30,001T08:16:37Z,000T14:29:39Z,30.142,0.0,30.142,149.934,106.506,149.508,48.709,19.872,89.525,-999,0.1,8208.0,8209.27,808421.0,0.309,251.486,811053.6,1555409.0,0.309,251.486,174.835,2.621,221.42,760934000,399.938,401.76,-999,GO_0023,C30/GANYMEDE/C0605088200R.IMG,INTEGER COSINE TRANSFORM,12.734,8.093,39.606,"VICAR programs run: SSIMERGE,CATLABEL,BADLABELS."
3837689.0,GALILEO,SSI,GO-J/JSA-SSI-2-REDR-V1.0,E6G0002,E6GSCOLOR_01,REDR,GANYMEDE,1997-02-21 01:26:50.685000+00:00,VIOLET,3,395.83,400K,15.166,NOT POSSIBLE,6,000T04:31:49Z,-000T15:00:14Z,37.006,0.0,37.006,143.003,89.01,136.756,264.779,-25.406,89.363,-999,0.1,14413.1,14413.7,709823.0,-0.081,323.462,712456.9,683413.9,-0.081,323.462,180.833,-0.949,286.465,766094000,195.657,196.477,-999,GO_0018,E6/GANYMEDE/C0383768900R.IMG,INTEGER COSINE TRANSFORM,9.286,5.845,69.189,"VICAR programs run: SSIMERGE,CATLABEL,BADLABELS."
4016689.0,GALILEO,SSI,GO-J/JSA-SSI-2-REDR-V1.0,C9G0001,C9GSSULCUS01,REDR,GANYMEDE,1997-06-26 17:55:37.284000+00:00,GREEN,1,95.83,100K,8.667,NOT POSSIBLE,9,-000T17:57:24Z,000T00:35:34Z,32.825,35.935,31.413,191.671,293.675,154.769,346.776,-4.574,271.296,-999,0.1,890.571,982.705,82232.0,28.905,107.871,84379.36,1067629.0,-0.014,87.454,124.651,-0.395,119.716,758972000,1947.17,1329.009,-999,GO_0019,C9/GANYMEDE/C0401668900R.IMG,INTEGER COSINE TRANSFORM,1.695,1.508,1.935,"VICAR programs run: SSIMERGE,CATLABEL,BADLABELS."
3837689.0,GALILEO,SSI,GO-J/JSA-SSI-2-REDR-V1.0,E6G0002,E6GSCOLOR_01,REDR,GANYMEDE,1997-02-21 01:26:50.685000+00:00,VIOLET,3,395.83,400K,15.166,NOT POSSIBLE,6,000T04:31:49Z,-000T15:00:14Z,37.006,0.0,37.006,143.003,89.01,136.756,264.779,-25.406,89.363,-999,0.1,14413.1,14413.7,709823.0,-0.081,323.462,712456.9,683413.9,-0.081,323.462,180.833,-0.949,286.465,766094000,195.657,196.477,-999,GO_0018,E6/GANYMEDE/C0383768900R.IMG,INTEGER COSINE TRANSFORM,9.286,5.845,69.189,"VICAR programs run: SSIMERGE,CATLABEL,BADLABELS."
4016689.0,GALILEO,SSI,GO-J/JSA-SSI-2-REDR-V1.0,C9G0001,C9GSSULCUS01,REDR,GANYMEDE,1997-06-26 17:55:37.284000+00:00,GREEN,1,95.83,100K,8.667,NOT POSSIBLE,9,-000T17:57:24Z,000T00:35:34Z,32.825,35.935,31.413,191.671,293.675,154.769,346.776,-4.574,271.296,-999,0.1,890.571,982.705,82232.0,28.905,107.871,84379.36,1067629.0,-0.014,87.454,124.651,-0.395,119.716,758972000,1947.17,1329.009,-999,GO_0019,C9/GANYMEDE/C0401668900R.IMG,INTEGER COSINE TRANSFORM,1.695,1.508,1.935,"VICAR programs run: SSIMERGE,CATLABEL,BADLABELS."
4016689.13,GALILEO,SSI,GO-J/JSA-SSI-2-REDR-V1.0,C9G0002,C9GSSULCUS01,REDR,GANYMEDE,1997-06-26 17:55:45.934000+00:00,GREEN,1,62.5,100K,8.667,NOT POSSIBLE,9,-000T17:57:16Z,000T00:35:42Z,32.441,30.374,39.675,207.78,293.649,155.168,346.423,-4.729,271.288,-999,0.1,834.81,964.338,82111.7,29.131,91.972,84395.21,1067565.0,-0.014,87.41,143.093,-0.395,119.722,758972000,1943.478,584.932,-999,GO_0019,C9/GANYMEDE/C0401668913R.IMG,INTEGER COSINE TRANSFORM,1.782,1.435,1.961,"VICAR programs run: SSIMERGE,CATLABEL,BADLABELS."
4016689.26,GALILEO,SSI,GO-J/JSA-SSI-2-REDR-V1.0,C9G0003,C9GSSULCUS01,REDR,GANYMEDE,1997-06-26 17:55:54.600000+00:00,GREEN,1,62.5,100K,8.667,NOT POSSIBLE,9,-000T17:57:07Z,000T00:35:51Z,32.052,32.193,51.066,223.555,293.624,155.541,346.066,-4.889,271.277,-999,0.1,853.957,968.739,82170.0,29.346,76.181,84411.16,1067501.0,-0.014,87.366,155.436,-0.395,119.727,758972000,1935.874,-168.37,-999,GO_0019,C9/GANYMEDE/C0401668926R.IMG,INTEGER COSINE TRANSFORM,1.856,1.508,2.011,"VICAR programs run: SSIMERGE,CATLABEL,BADLABELS."
3497589.39,GALILEO,SSI,GO-J/JSA-SSI-2-REDR-V1.0,G1G0015,G1GSURUSUL01,REDR,GANYMEDE,1996-06-27 06:08:36.049000+00:00,CLEAR,0,12.5,100K,8.667,NOT POSSIBLE,1,-000T18:23:25Z,-000T00:21:23Z,16.196,22.901,13.105,182.53,259.53,196.363,265.682,-23.21,279.228,-999,0.1,81.0137,77.1677,7462.18,10.985,167.875,9941.364,1082490.0,1.171,181.831,106.758,-1.871,170.428,777708000,4966.404,-8730.92,-999,GO_0017,G1/GANYMEDE/C0349758939R.IMG,BARC RATE CONTROL,0.0,0.0,0.0,"VICAR programs run: SSIMERGE,CATLABEL,BADLABELS."
4016689.39,GALILEO,SSI,GO-J/JSA-SSI-2-REDR-V1.0,C9G0004,C9GSSULCUS01,REDR,GANYMEDE,1997-06-26 17:56:03.284000+00:00,GREEN,1,95.83,100K,8.667,NOT POSSIBLE,9,-000T17:56:58Z,000T00:36:00Z,31.664,41.18,64.864,240.185,293.598,155.939,345.71,-5.043,271.266,-999,0.1,962.436,1004.37,82426.4,29.78,59.293,84427.2,1067436.0,-0.014,87.323,164.671,-0.395,119.732,758971000,1935.268,-918.419,-999,GO_0019,C9/GANYMEDE/C0401668939R.IMG,INTEGER COSINE TRANSFORM,2.132,1.888,2.517,"VICAR programs run: SSIMERGE,CATLABEL,BADLABELS."
3497589.39,GALILEO,SSI,GO-J/JSA-SSI-2-REDR-V1.0,G1G0015,G1GSURUSUL01,REDR,GANYMEDE,1996-06-27 06:08:36.049000+00:00,CLEAR,0,12.5,100K,8.667,NOT POSSIBLE,1,-000T18:23:25Z,-000T00:21:23Z,16.196,22.901,13.105,182.53,259.53,196.363,265.682,-23.21,279.228,-999,0.1,81.0137,77.1677,7462.18,10.985,167.875,9941.364,1082490.0,1.171,181.831,106.758,-1.871,170.428,777708000,4966.404,-8730.92,-999,GO_0017,G1/GANYMEDE/C0349758939R.IMG,BARC RATE CONTROL,0.0,0.0,0.0,"VICAR programs run: SSIMERGE,CATLABEL,BADLABELS."
4016689.39,GALILEO,SSI,GO-J/JSA-SSI-2-REDR-V1.0,C9G0004,C9GSSULCUS01,REDR,GANYMEDE,1997-06-26 17:56:03.284000+00:00,GREEN,1,95.83,100K,8.667,NOT POSSIBLE,9,-000T17:56:58Z,000T00:36:00Z,31.664,41.18,64.864,240.185,293.598,155.939,345.71,-5.043,271.266,-999,0.1,962.436,1004.37,82426.4,29.78,59.293,84427.2,1067436.0,-0.014,87.323,164.671,-0.395,119.732,758971000,1935.268,-918.419,-999,GO_0019,C9/GANYMEDE/C0401668939R.IMG,INTEGER COSINE TRANSFORM,2.132,1.888,2.517,"VICAR programs run: SSIMERGE,CATLABEL,BADLABELS."
3497589.52,GALILEO,SSI,GO-J/JSA-SSI-2-REDR-V1.0,G1G0016,G1GSURUSUL01,REDR,GANYMEDE,1996-06-27 06:08:44.716000+00:00,CLEAR,0,12.5,100K,8.667,NOT POSSIBLE,1,-000T18:23:17Z,-000T00:21:15Z,15.684,21.347,12.738,181.339,259.876,195.849,266.234,-23.348,279.12,-999,0.1,78.2732,76.253,7380.53,10.795,169.076,9880.264,1082429.0,1.243,181.72,101.958,-1.871,170.433,777707000,4995.753,-8032.33,-999,GO_0017,G1/GANYMEDE/C0349758952R.IMG,BARC RATE CONTROL,0.0,0.0,0.0,"VICAR programs run: SSIMERGE,CATLABEL,BADLABELS."
3497589.65,GALILEO,SSI,GO-J/JSA-SSI-2-REDR-V1.0,G1G0017,G1GSURUSUL01,REDR,GANYMEDE,1996-06-27 06:08:53.383000+00:00,CLEAR,0,12.5,100K,8.667,NOT POSSIBLE,1,-000T18:23:08Z,-000T00:21:06Z,15.52,22.07,13.873,181.249,258.723,195.722,266.428,-23.018,280.356,-999,0.1,78.28,75.8571,7328.39,11.943,169.165,9819.213,1082367.0,1.316,181.607,102.085,-1.871,170.438,777707000,5518.932,-8164.89,-999,GO_0017,G1/GANYMEDE/C0349758965R.IMG,BARC RATE CONTROL,0.0,0.0,0.0,"VICAR programs run: SSIMERGE,CATLABEL,BADLABELS."
3497589.78,GALILEO,SSI,GO-J/JSA-SSI-2-REDR-V1.0,G1G0018,G1GSURUSUL01,REDR,GANYMEDE,1996-06-27 06:09:02.049000+00:00,CLEAR,0,12.5,100K,8.667,NOT POSSIBLE,1,-000T18:22:59Z,-000T00:20:57Z,15.797,23.297,14.2,182.462,258.811,196.004,266.125,-23.025,280.137,-999,0.1,80.8795,75.8559,7283.39,12.115,167.971,9758.212,1082306.0,1.389,181.493,106.265,-1.871,170.443,777707000,5537.341,-8843.37,-999,GO_0017,G1/GANYMEDE/C0349758978R.IMG,BARC RATE CONTROL,0.0,0.0,0.0,"VICAR programs run: SSIMERGE,CATLABEL,BADLABELS."
